<?xml version="1.0" encoding="UTF-8"?><?xml-stylesheet type='text/xsl' href='_UpgradeReport_Files/UpgradeReport.xslt'?><UpgradeLog>
<Properties><Property Name="Solution" Value="Simple">
</Property><Property Name="Solution File" Value="C:\Kevin\vbnet2\Simple.sln">
</Property><Property Name="Date" Value="Wednesday, May 31, 2006">
</Property><Property Name="Time" Value="10:49 AM">
</Property></Properties><Event ErrorLevel="0" Project="Simple" Source="Simple.vbproj" Description="Project converted successfully">
</Event><Event ErrorLevel="3" Project="Simple" Source="Simple.vbproj" Description="Converted">
</Event><Event ErrorLevel="0" Project="" Source="Simple.sln" Description="Solution converted successfully">
</Event><Event ErrorLevel="3" Project="" Source="Simple.sln" Description="Converted">
</Event><Event ErrorLevel="0" Project="Simple" Source="Simple.vbproj" Description="Scan complete: Upgrade not required for project files.">
</Event></UpgradeLog>